Workbook

Sheet Params
B2: Growht Rate | C2: 0.01
B3: g | C3: =1+C2 -> 1.01
B5: p0 | C5: 0.95
B6: p1 | C6: 0.75
B7: p2 | C7: 0.5
B8: p3 | C8: 0
B10: N0,0 | C10: 100
B11: N1,0 | C11: 75
B12: N2,0 | C12: 50
B13: N3,0 | C13: 25
B15: q0 | C15: 1
B16: q1 | C16: =C15*C5 -> 0.95
B17: q2 | C17: =C16*C6 -> 0.7125
B18: q3 | C18: =C17*C7 -> 0.35625
B20: c0 | C20: =C15/C$3^0 -> 1
B21: c1 | C21: =C16/C$3^1 -> 0.94059406
B22: c2 | C22: =C17/C$3^2 -> 0.69846094
B23: c3 | C23: =C18/C$3^3 -> 0.34577274
B25: M0 | C25: =1/SUM(C20:C23) -> 0.33502771
B26: M1 | C26: =(C16/C$3^1)*C$25 -> 0.31512507
B27: M2 | C27: =(C17/C$3^2)*C$25 -> 0.23400377
B28: M3 | C28: =(C18/C$3^3)*C$25 -> 0.11584345
B30: Dependency Ratio | C30: =(C25+C28)/(C26+C27) -> 0.82106625

Sheet Strong
B1: 0 | C1: =B1+1 -> 1 | D1: =C1+1 -> 2 | E1: =D1+1 -> 3 | F1: =E1+1 -> 4 | G1: =F1+1 -> 5 | H1: =G1+1 -> 6 | I1: =H1+1 -> 7 | J1: =I1+1 -> 8 | ... AY1: =AX1+1 -> 49
A2: Sizes
A3: 0 | B3: =Params!C10 -> 100 | C3: =SUM(B3:B6)*Params!$C$3-SUM(C4:C6) -> 76.25 | D3: =SUM(C3:C6)*Params!$C$3-SUM(D4:D6) -> 83.2125 | E3: =SUM(D3:D6)*Params!$C$3-SUM(E4:E6) -> 88.57025 | F3: =SUM(E3:E6)*Params!$C$3-SUM(F4:F6) -> 89.556296 | G3: =SUM(F3:F6)*Params!$C$3-SUM(G4:G6) -> 84.923275 | H3: =SUM(G3:G6)*Params!$C$3-SUM(H4:H6) -> 89.340914 | I3: =SUM(H3:H6)*Params!$C$3-SUM(I4:I6) -> 90.747706 | J3: =SUM(I3:I6)*Params!$C$3-SUM(J4:J6) -> 90.594538 | ... AY3: =SUM(AX3:AX6)*Params!$C$3-SUM(AY4:AY6) -> 136.38545
A4: =A3+1 -> 1 | B4: =Params!C11 -> 75 | C4: =B3*Params!$C5 -> 95 | D4: =C3*Params!$C5 -> 72.4375 | E4: =D3*Params!$C5 -> 79.051875 | F4: =E3*Params!$C5 -> 84.141737 | G4: =F3*Params!$C5 -> 85.078481 | H4: =G3*Params!$C5 -> 80.677111 | I4: =H3*Params!$C5 -> 84.873868 | J4: =I3*Params!$C5 -> 86.210321 | ... AY4: =AX3*Params!$C5 -> 128.28335
A5: =A4+1 -> 2 | B5: =Params!C12 -> 50 | C5: =B4*Params!$C6 -> 56.25 | D5: =C4*Params!$C6 -> 71.25 | E5: =D4*Params!$C6 -> 54.328125 | F5: =E4*Params!$C6 -> 59.288906 | G5: =F4*Params!$C6 -> 63.106303 | H5: =G4*Params!$C6 -> 63.808861 | I5: =H4*Params!$C6 -> 60.507833 | J5: =I4*Params!$C6 -> 63.655401 | ... AY5: =AX4*Params!$C6 -> 95.259912
A6: =A5+1 -> 3 | B6: =Params!C13 -> 25 | C6: =B5*Params!$C7 -> 25 | D6: =C5*Params!$C7 -> 28.125 | E6: =D5*Params!$C7 -> 35.625 | F6: =E5*Params!$C7 -> 27.164062 | G6: =F5*Params!$C7 -> 29.644453 | H6: =G5*Params!$C7 -> 31.553152 | I6: =H5*Params!$C7 -> 31.904431 | J6: =I5*Params!$C7 -> 30.253917 | ... AY6: =AX5*Params!$C7 -> 47.158374
A8: Total | B8: =SUM(B3:B6) -> 250 | C8: =SUM(C3:C6) -> 252.5 | D8: =SUM(D3:D6) -> 255.025 | E8: =SUM(E3:E6) -> 257.57525 | F8: =SUM(F3:F6) -> 260.151 | G8: =SUM(G3:G6) -> 262.75251 | H8: =SUM(H3:H6) -> 265.38004 | I8: =SUM(I3:I6) -> 268.03384 | ... AY8: =SUM(AY3:AY6) -> 407.08708
A9: Growth % | C9: =C8/B8-1 -> 0.01 | D9: =D8/C8-1 -> 0.01 | E9: =E8/D8-1 -> 0.01 | F9: =F8/E8-1 -> 0.01 | G9: =G8/F8-1 -> 0.01 | H9: =H8/G8-1 -> 0.01 | I9: =I8/H8-1 -> 0.01 | J9: =J8/I8-1 -> 0.01 | ... AY9: =AY8/AX8-1 -> 0.01
A11: Shares
A12: 0 | B12: =B3/B$8 -> 0.4 | C12: =C3/C$8 -> 0.3019802 | D12: =D3/D$8 -> 0.32629154 | E12: =E3/E$8 -> 0.34386165 | F12: =F3/F$8 -> 0.34424736 | G12: =G3/G$8 -> 0.32320633 | H12: =H3/H$8 -> 0.33665273 | I12: =I3/I$8 -> 0.3385681 | ... AY12: =AY3/AY$8 -> 0.33502771
A13: =A12+1 -> 1 | B13: =B4/B$8 -> 0.3 | C13: =C4/C$8 -> 0.37623762 | D13: =D4/D$8 -> 0.28404078 | E13: =E4/E$8 -> 0.30690788 | F13: =F4/F$8 -> 0.32343422 | G13: =G4/G$8 -> 0.32379702 | H13: =H4/H$8 -> 0.30400595 | I13: =I4/I$8 -> 0.31665356 | ... AY13: =AY4/AY$8 -> 0.31512507
A14: =A13+1 -> 2 | B14: =B5/B$8 -> 0.2 | C14: =C5/C$8 -> 0.22277228 | D14: =D5/D$8 -> 0.27938437 | E14: =E5/E$8 -> 0.21092137 | F14: =F5/F$8 -> 0.22790189 | G14: =G5/G$8 -> 0.24017393 | H14: =H5/H$8 -> 0.24044333 | I14: =I5/I$8 -> 0.22574699 | ... AY14: =AY5/AY$8 -> 0.23400377
A15: =A14+1 -> 3 | B15: =B6/B$8 -> 0.1 | C15: =C6/C$8 -> 0.099009901 | D15: =D6/D$8 -> 0.11028331 | E15: =E6/E$8 -> 0.1383091 | F15: =F6/F$8 -> 0.10441652 | G15: =G6/G$8 -> 0.11282272 | H15: =H6/H$8 -> 0.11889798 | I15: =I6/I$8 -> 0.11903135 | ... AY15: =AY6/AY$8 -> 0.11584345
A17: Errors
A18: 0 | C18: =ABS(C12-B12) -> 0.098019802 | D18: =ABS(D12-C12) -> 0.024311342 | E18: =ABS(E12-D12) -> 0.017570108 | F18: =ABS(F12-E12) -> 0.00038571349 | G18: =ABS(G12-F12) -> 0.021041033 | H18: =ABS(H12-G12) -> 0.013446401 | I18: =ABS(I12-H12) -> 0.001915366 | J18: =ABS(J12-I12) -> 0.0039179517 | ... AY18: =ABS(AY12-AX12) -> 7.5262283e-09
A19: =A18+1 -> 1 | C19: =ABS(C13-B13) -> 0.076237624 | D19: =ABS(D13-C13) -> 0.092196843 | E19: =ABS(E13-D13) -> 0.022867104 | F19: =ABS(F13-E13) -> 0.016526339 | G19: =ABS(G13-F13) -> 0.00036279981 | H19: =ABS(H13-G13) -> 0.019791071 | I19: =ABS(I13-H13) -> 0.012647605 | J19: =ABS(J13-I13) -> 0.0018015819 | ... AY19: =ABS(AY13-AX13) -> 6.5692722e-09
A20: =A19+1 -> 2 | C20: =ABS(C14-B14) -> 0.022772277 | D20: =ABS(D14-C14) -> 0.056612097 | E20: =ABS(E14-D14) -> 0.068463003 | F20: =ABS(F14-E14) -> 0.016980523 | G20: =ABS(G14-F14) -> 0.012272034 | H20: =ABS(H14-G14) -> 0.0002694058 | I20: =ABS(I14-H14) -> 0.01469634 | J20: =ABS(J14-I14) -> 0.0093917856 | ... AY20: =ABS(AY14-AX14) -> 7.9443744e-09
A21: =A20+1 -> 3 | C21: =ABS(C15-B15) -> 0.00099009901 | D21: =ABS(D15-C15) -> 0.011273405 | E21: =ABS(E15-D15) -> 0.028025791 | F21: =ABS(F15-E15) -> 0.033892576 | G21: =ABS(G15-F15) -> 0.0084061994 | H21: =ABS(H15-G15) -> 0.0060752644 | I21: =ABS(I15-H15) -> 0.00013336921 | J21: =ABS(J15-I15) -> 0.0072754158 | ... AY21: =ABS(AY15-AX15) -> 6.9874183e-09
A23: Growth %
A24: 0 | C24: =C3/B3-1 -> -0.2375 | D24: =D3/C3-1 -> 0.091311475 | E24: =E3/D3-1 -> 0.06438636 | F24: =F3/E3-1 -> 0.011132928 | G24: =G3/F3-1 -> -0.051733062 | H24: =H3/G3-1 -> 0.052019179 | I24: =I3/H3-1 -> 0.015746336 | J24: =J3/I3-1 -> -0.0016878445 | ... AY24: =AY3/AX3-1 -> 0.010000023
A25: =A24+1 -> 1 | C25: =C4/B4-1 -> 0.26666667 | D25: =D4/C4-1 -> -0.2375 | E25: =E4/D4-1 -> 0.091311475 | F25: =F4/E4-1 -> 0.06438636 | G25: =G4/F4-1 -> 0.011132928 | H25: =H4/G4-1 -> -0.051733062 | I25: =I4/H4-1 -> 0.052019179 | J25: =J4/I4-1 -> 0.015746336 | ... AY25: =AY4/AX4-1 -> 0.0099999789
A26: =A25+1 -> 2 | C26: =C5/B5-1 -> 0.125 | D26: =D5/C5-1 -> 0.26666667 | E26: =E5/D5-1 -> -0.2375 | F26: =F5/E5-1 -> 0.091311475 | G26: =G5/F5-1 -> 0.06438636 | H26: =H5/G5-1 -> 0.011132928 | I26: =I5/H5-1 -> -0.051733062 | J26: =J5/I5-1 -> 0.052019179 | ... AY26: =AY5/AX5-1 -> 0.0099999657
A27: =A26+1 -> 3 | C27: =C6/B6-1 -> 0 | D27: =D6/C6-1 -> 0.125 | E27: =E6/D6-1 -> 0.26666667 | F27: =F6/E6-1 -> -0.2375 | G27: =G6/F6-1 -> 0.091311475 | H27: =H6/G6-1 -> 0.06438636 | I27: =I6/H6-1 -> 0.011132928 | J27: =J6/I6-1 -> -0.051733062 | ... AY27: =AY6/AX6-1 -> 0.010000061

Sheet Strong (2)
B1: 0 | C1: =B1+1 -> 1 | D1: =C1+1 -> 2 | E1: =D1+1 -> 3 | F1: =E1+1 -> 4 | G1: =F1+1 -> 5 | H1: =G1+1 -> 6 | I1: =H1+1 -> 7 | J1: =I1+1 -> 8 | ... AY1: =AX1+1 -> 49
A2: Sizes
A3: 0 | B3: =Params!C10 -> 100 | C3: =B3*Params!$C$3 -> 101 | D3: =C3*Params!$C$3 -> 102.01 | E3: =D3*Params!$C$3 -> 103.0301 | F3: =E3*Params!$C$3 -> 104.0604 | G3: =F3*Params!$C$3 -> 105.10101 | H3: =G3*Params!$C$3 -> 106.15202 | I3: =H3*Params!$C$3 -> 107.21354 | J3: =I3*Params!$C$3 -> 108.28567 | ... AY3: =AX3*Params!$C$3 -> 162.83483
A4: =A3+1 -> 1 | B4: =Params!C11 -> 75 | C4: =B3*Params!$C5 -> 95 | D4: =C3*Params!$C5 -> 95.95 | E4: =D3*Params!$C5 -> 96.9095 | F4: =E3*Params!$C5 -> 97.878595 | G4: =F3*Params!$C5 -> 98.857381 | H4: =G3*Params!$C5 -> 99.845955 | I4: =H3*Params!$C5 -> 100.84441 | J4: =I3*Params!$C5 -> 101.85286 | ... AY4: =AX3*Params!$C5 -> 153.16148
A5: =A4+1 -> 2 | B5: =Params!C12 -> 50 | C5: =B4*Params!$C6 -> 56.25 | D5: =C4*Params!$C6 -> 71.25 | E5: =D4*Params!$C6 -> 71.9625 | F5: =E4*Params!$C6 -> 72.682125 | G5: =F4*Params!$C6 -> 73.408946 | H5: =G4*Params!$C6 -> 74.143036 | I5: =H4*Params!$C6 -> 74.884466 | J5: =I4*Params!$C6 -> 75.633311 | ... AY5: =AX4*Params!$C6 -> 113.73377
A6: =A5+1 -> 3 | B6: =Params!C13 -> 25 | C6: =B5*Params!$C7 -> 25 | D6: =C5*Params!$C7 -> 28.125 | E6: =D5*Params!$C7 -> 35.625 | F6: =E5*Params!$C7 -> 35.98125 | G6: =F5*Params!$C7 -> 36.341062 | H6: =G5*Params!$C7 -> 36.704473 | I6: =H5*Params!$C7 -> 37.071518 | J6: =I5*Params!$C7 -> 37.442233 | ... AY6: =AX5*Params!$C7 -> 56.303847
A8: Total | B8: =SUM(B3:B6) -> 250 | C8: =SUM(C3:C6) -> 277.25 | D8: =SUM(D3:D6) -> 297.335 | E8: =SUM(E3:E6) -> 307.5271 | F8: =SUM(F3:F6) -> 310.60237 | G8: =SUM(G3:G6) -> 313.70839 | H8: =SUM(H3:H6) -> 316.84548 | I8: =SUM(I3:I6) -> 320.01393 | ... AY8: =SUM(AY3:AY6) -> 486.03393
A9: Growth % | C9: =C8/B8-1 -> 0.109 | D9: =D8/C8-1 -> 0.072443643 | E9: =E8/D8-1 -> 0.034278171 | F9: =F8/E8-1 -> 0.01 | G9: =G8/F8-1 -> 0.01 | H9: =H8/G8-1 -> 0.01 | I9: =I8/H8-1 -> 0.01 | J9: =J8/I8-1 -> 0.01 | ... AY9: =AY8/AX8-1 -> 0.01
A11: Shares
A12: 0 | B12: =B3/B$8 -> 0.4 | C12: =C3/C$8 -> 0.36429216 | D12: =D3/D$8 -> 0.34308104 | E12: =E3/E$8 -> 0.33502771 | F12: =F3/F$8 -> 0.33502771 | G12: =G3/G$8 -> 0.33502771 | H12: =H3/H$8 -> 0.33502771 | I12: =I3/I$8 -> 0.33502771 | ... AY12: =AY3/AY$8 -> 0.33502771
A13: =A12+1 -> 1 | B13: =B4/B$8 -> 0.3 | C13: =C4/C$8 -> 0.34265104 | D13: =D4/D$8 -> 0.32269998 | E13: =E4/E$8 -> 0.31512507 | F13: =F4/F$8 -> 0.31512507 | G13: =G4/G$8 -> 0.31512507 | H13: =H4/H$8 -> 0.31512507 | I13: =I4/I$8 -> 0.31512507 | ... AY13: =AY4/AY$8 -> 0.31512507
A14: =A13+1 -> 2 | B14: =B5/B$8 -> 0.2 | C14: =C5/C$8 -> 0.20288548 | D14: =D5/D$8 -> 0.2396287 | E14: =E5/E$8 -> 0.23400377 | F14: =F5/F$8 -> 0.23400377 | G14: =G5/G$8 -> 0.23400377 | H14: =H5/H$8 -> 0.23400377 | I14: =I5/I$8 -> 0.23400377 | ... AY14: =AY5/AY$8 -> 0.23400377
A15: =A14+1 -> 3 | B15: =B6/B$8 -> 0.1 | C15: =C6/C$8 -> 0.090171326 | D15: =D6/D$8 -> 0.094590277 | E15: =E6/E$8 -> 0.11584345 | F15: =F6/F$8 -> 0.11584345 | G15: =G6/G$8 -> 0.11584345 | H15: =H6/H$8 -> 0.11584345 | I15: =I6/I$8 -> 0.11584345 | ... AY15: =AY6/AY$8 -> 0.11584345
A17: Errors
A18: 0 | C18: =ABS(C12-B12) -> 0.035707845 | D18: =ABS(D12-C12) -> 0.021211119 | E18: =ABS(E12-D12) -> 0.0080533268 | F18: =ABS(F12-E12) -> 5.5511151e-17 | G18: =ABS(G12-F12) -> 0 | H18: =ABS(H12-G12) -> 5.5511151e-17 | I18: =ABS(I12-H12) -> 5.5511151e-17 | J18: =ABS(J12-I12) -> 0 | ... AY18: =ABS(AY12-AX12) -> 5.5511151e-17
A19: =A18+1 -> 1 | C19: =ABS(C13-B13) -> 0.042651037 | D19: =ABS(D13-C13) -> 0.019951052 | E19: =ABS(E13-D13) -> 0.0075749113 | F19: =ABS(F13-E13) -> 0 | G19: =ABS(G13-F13) -> 0 | H19: =ABS(H13-G13) -> 0 | I19: =ABS(I13-H13) -> 0 | J19: =ABS(J13-I13) -> 0 | ... AY19: =ABS(AY13-AX13) -> 5.5511151e-17
A20: =A19+1 -> 2 | C20: =ABS(C14-B14) -> 0.0028854824 | D20: =ABS(D14-C14) -> 0.036743219 | E20: =ABS(E14-D14) -> 0.0056249342 | F20: =ABS(F14-E14) -> 2.7755576e-17 | G20: =ABS(G14-F14) -> 2.7755576e-17 | H20: =ABS(H14-G14) -> 2.7755576e-17 | I20: =ABS(I14-H14) -> 2.7755576e-17 | J20: =ABS(J14-I14) -> 0 | ... AY20: =ABS(AY14-AX14) -> 0
A21: =A20+1 -> 3 | C21: =ABS(C15-B15) -> 0.0098286745 | D21: =ABS(D15-C15) -> 0.0044189514 | E21: =ABS(E15-D15) -> 0.021253172 | F21: =ABS(F15-E15) -> 4.1633363e-17 | G21: =ABS(G15-F15) -> 2.7755576e-17 | H21: =ABS(H15-G15) -> 1.3877788e-17 | I21: =ABS(I15-H15) -> 1.3877788e-17 | J21: =ABS(J15-I15) -> 0 | ... AY21: =ABS(AY15-AX15) -> 2.7755576e-17
A23: Growth %
A24: 0 | C24: =C3/B3-1 -> 0.01 | D24: =D3/C3-1 -> 0.01 | E24: =E3/D3-1 -> 0.01 | F24: =F3/E3-1 -> 0.01 | G24: =G3/F3-1 -> 0.01 | H24: =H3/G3-1 -> 0.01 | I24: =I3/H3-1 -> 0.01 | J24: =J3/I3-1 -> 0.01 | ... AY24: =AY3/AX3-1 -> 0.01
A25: =A24+1 -> 1 | C25: =C4/B4-1 -> 0.26666667 | D25: =D4/C4-1 -> 0.01 | E25: =E4/D4-1 -> 0.01 | F25: =F4/E4-1 -> 0.01 | G25: =G4/F4-1 -> 0.01 | H25: =H4/G4-1 -> 0.01 | I25: =I4/H4-1 -> 0.01 | J25: =J4/I4-1 -> 0.01 | ... AY25: =AY4/AX4-1 -> 0.01
A26: =A25+1 -> 2 | C26: =C5/B5-1 -> 0.125 | D26: =D5/C5-1 -> 0.26666667 | E26: =E5/D5-1 -> 0.01 | F26: =F5/E5-1 -> 0.01 | G26: =G5/F5-1 -> 0.01 | H26: =H5/G5-1 -> 0.01 | I26: =I5/H5-1 -> 0.01 | J26: =J5/I5-1 -> 0.01 | ... AY26: =AY5/AX5-1 -> 0.01
A27: =A26+1 -> 3 | C27: =C6/B6-1 -> 0 | D27: =D6/C6-1 -> 0.125 | E27: =E6/D6-1 -> 0.26666667 | F27: =F6/E6-1 -> 0.01 | G27: =G6/F6-1 -> 0.01 | H27: =H6/G6-1 -> 0.01 | I27: =I6/H6-1 -> 0.01 | J27: =J6/I6-1 -> 0.01 | ... AY27: =AY6/AX6-1 -> 0.01

Sheet Weak
B1: 1 | C1: =B1+1 -> 2 | D1: =C1+1 -> 3 | E1: =D1+1 -> 4 | F1: =E1+1 -> 5 | G1: =F1+1 -> 6 | H1: =G1+1 -> 7 | I1: =H1+1 -> 8 | J1: =I1+1 -> 9 | ... AY1: =AX1+1 -> 50
A2: Parameters
A3: g | B3: =1+RAND() -> 1.9113152 | C3: =1+RAND() -> 1.3485768 | D3: =1+RAND() -> 1.1346004 | E3: =1+RAND() -> 1.2915574 | F3: =1+RAND() -> 1.1961369 | G3: =1+RAND() -> 1.7187581 | H3: =1+RAND() -> 1.8976642 | I3: =1+RAND() -> 1.2763682 | ... AY3: =1+RAND() -> 1.6416998
A4: p0 | B4: =RAND() -> 0.31886563 | C4: =RAND() -> 0.27048213 | D4: =RAND() -> 0.48013428 | E4: =RAND() -> 0.035034447 | F4: =RAND() -> 0.53636146 | G4: =RAND() -> 0.43212688 | H4: =RAND() -> 0.73640067 | I4: =RAND() -> 0.42351959 | ... AY4: =RAND() -> 0.39538565
A5: p1 | B5: =RAND() -> 0.24136623 | C5: =RAND() -> 0.12519455 | D5: =RAND() -> 0.0050607545 | E5: =RAND() -> 0.49261425 | F5: =RAND() -> 0.31812634 | G5: =RAND() -> 0.90441983 | H5: =RAND() -> 0.14074652 | I5: =RAND() -> 0.80052013 | ... AY5: =RAND() -> 0.61145289
A6: p2 | B6: =RAND() -> 0.20242306 | C6: =RAND() -> 0.68603019 | D6: =RAND() -> 0.55192245 | E6: =RAND() -> 0.70502199 | F6: =RAND() -> 0.466763 | G6: =RAND() -> 0.9840516 | H6: =RAND() -> 0.25141192 | I6: =RAND() -> 0.91673172 | ... AY6: =RAND() -> 0.8927011
A7: p3 | B7: 0 | C7: 0 | D7: 0 | E7: 0 | F7: 0 | G7: 0 | H7: 0 | I7: 0 | J7: 0 | K7: 0 | L7: 0 | M7: 0 | N7: 0 | O7: 0 | P7: 0 | Q7: 0 | R7: 0 | S7: 0 | T7: 0 | U7: 0 | V7: 0 | W7: 0 | X7: 0 | Y7: 0 | Z7: 0 | AA7: 0 | AB7: 0 | AC7: 0 | AD7: 0 | AE7: 0 | AF7: 0 | AG7: 0 | AH7: 0 | AI7: 0 | AJ7: 0 | AK7: 0 | AL7: 0 | AM7: 0 | AN7: 0 | AO7: 0 | AP7: 0 | AQ7: 0 | AR7: 0 | AS7: 0 | AT7: 0 | AU7: 0 | AV7: 0 | AW7: 0 | AX7: 0 | AY7: 0
A9: Sizes
A10: 0 | B10: =RAND()*1000 -> 985.67267 | C10: =SUM(B10:B13)*C$3-SUM(C11:C13) -> 2718.0944 | D10: =SUM(C10:C13)*D$3-SUM(D11:D13) -> 2361.7002 | E10: =SUM(D10:D13)*E$3-SUM(E11:E13) -> 4082.7336 | F10: =SUM(E10:E13)*F$3-SUM(F11:F13) -> 3236.3773 | G10: =SUM(F10:F13)*G$3-SUM(G11:G13) -> 6482.3754 | H10: =SUM(G10:G13)*H$3-SUM(H11:H13) -> 13294.426 | I10: =SUM(H10:H13)*I$3-SUM(I11:I13) -> 14315.98 | J10: =SUM(I10:I13)*J$3-SUM(J11:J13) -> 29210.994 | ... AY10: =SUM(AX10:AX13)*AY$3-SUM(AY11:AY13) -> 4.384069e+11
A11: =A10+1 -> 1 | B11: =RAND()*1000 -> 803.98836 | C11: =B10*C4 -> 266.60685 | D11: =C10*D4 -> 1305.0503 | E11: =D10*E4 -> 82.74086 | F11: =E10*F4 -> 2189.821 | G11: =F10*G4 -> 1398.5256 | H11: =G10*H4 -> 4773.6256 | I11: =H10*I4 -> 5630.4497 | J11: =I10*J4 -> 4299.748 | ... AY11: =AX10*AY4 -> 1.1047374e+11
A12: =A11+1 -> 2 | B12: =RAND()*1000 -> 286.50524 | C12: =B11*C5 -> 100.65496 | D12: =C11*D5 -> 1.3492318 | E12: =D11*E5 -> 642.88636 | F12: =E11*F5 -> 26.322046 | G12: =F11*G5 -> 1980.5175 | H12: =G11*H5 -> 196.83761 | I12: =H11*I5 -> 3821.3834 | J12: =I11*J5 -> 4343.1924 | ... AY12: =AX11*AY5 -> 1.6878476e+10
A13: =A12+1 -> 3 | B13: =RAND()*1000 -> 357.44183 | C13: =B12*C6 -> 196.55125 | D13: =C12*D6 -> 55.553731 | E13: =D12*E6 -> 0.95123809 | F13: =E12*F6 -> 300.07557 | G13: =F12*G6 -> 25.902252 | H13: =G12*H6 -> 497.92571 | I13: =H12*I6 -> 180.44728 | J13: =I12*J6 -> 3351.2317 | ... AY13: =AX12*AY6 -> 4.8925839e+10
A14: Total | B14: =SUM(B10:B13) -> 2433.6081 | C14: =SUM(C10:C13) -> 3281.9074 | D14: =SUM(D10:D13) -> 3723.6534 | E14: =SUM(E10:E13) -> 4809.3121 | F14: =SUM(F10:F13) -> 5752.5959 | G14: =SUM(G10:G13) -> 9887.3208 | H14: =SUM(H10:H13) -> 18762.815 | I14: =SUM(I10:I13) -> 23948.261 | ... AY14: =SUM(AY10:AY13) -> 6.1468495e+11
A16: 0 | B16: =RAND()*1000 -> 127.53051 | C16: =SUM(B16:B19)*C$3-SUM(C17:C19) -> 1510.4425 | D16: =SUM(C16:C19)*D$3-SUM(D17:D19) -> 1767.0591 | E16: =SUM(D16:D19)*E$3-SUM(E17:E19) -> 2829.1322 | F16: =SUM(E16:E19)*F$3-SUM(F17:F19) -> 2181.665 | G16: =SUM(F16:F19)*G$3-SUM(G17:G19) -> 4343.7812 | H16: =SUM(G16:G19)*H$3-SUM(H17:H19) -> 8996.7146 | I16: =SUM(H16:H19)*I$3-SUM(I17:I19) -> 9683.0769 | J16: =SUM(I16:I19)*J$3-SUM(J17:J19) -> 19738.662 | ... AY16: =SUM(AX16:AX19)*AY$3-SUM(AY17:AY19) -> 2.9611872e+11
A17: =A16+1 -> 1 | B17: =RAND()*1000 -> 328.02167 | C17: =B16*C4 -> 34.494723 | D17: =C16*D4 -> 725.21523 | E17: =D16*E4 -> 61.907936 | F17: =E16*F4 -> 1517.4375 | G17: =F16*G4 -> 942.75607 | H17: =G16*H4 -> 3198.7634 | I17: =H16*I4 -> 3810.2849 | J17: =I16*J4 -> 2908.2738 | ... AY17: =AX16*AY4 -> 7.4618677e+10
A18: =A17+1 -> 2 | B18: =RAND()*1000 -> 919.40051 | C18: =B17*C5 -> 41.066524 | D18: =C17*D5 -> 0.17456933 | E18: =D17*E5 -> 357.25136 | F18: =E17*F5 -> 19.694545 | G18: =F17*G5 -> 1372.4005 | H18: =G17*H5 -> 132.68963 | I18: =H17*I5 -> 2560.6745 | J18: =I17*J5 -> 2939.1614 | ... AY18: =AX17*AY5 -> 1.1400443e+10
A19: =A18+1 -> 3 | B19: =RAND()*1000 -> 268.81005 | C19: =B18*C6 -> 630.73651 | D19: =C18*D6 -> 22.665537 | E19: =D18*E6 -> 0.12307521 | F19: =E18*F6 -> 166.75171 | G19: =F18*G6 -> 19.380448 | H19: =G18*H6 -> 345.03785 | I19: =H18*I6 -> 121.6408 | J19: =I18*J6 -> 2245.6301 | ... AY19: =AX18*AY6 -> 3.3046599e+10
A20: Total | B20: =SUM(B16:B19) -> 1643.7627 | C20: =SUM(C16:C19) -> 2216.7403 | D20: =SUM(D16:D19) -> 2515.1144 | E20: =SUM(E16:E19) -> 3248.4146 | F20: =SUM(F16:F19) -> 3885.5487 | G20: =SUM(G16:G19) -> 6678.3183 | H20: =SUM(H16:H19) -> 12673.206 | I20: =SUM(I16:I19) -> 16175.677 | ... AY20: =SUM(AY16:AY19) -> 4.1518444e+11
A22: Shares
A23: 0 | B23: =B10/B$14 -> 0.40502523 | C23: =C10/C$14 -> 0.82820568 | D23: =D10/D$14 -> 0.63424275 | E23: =E10/E$14 -> 0.84892258 | F23: =F10/F$14 -> 0.56259424 | G23: =G10/G$14 -> 0.65562507 | H23: =H10/H$14 -> 0.70855178 | I23: =I10/I$14 -> 0.5977879 | ... AY23: =AY10/AY$14 -> 0.71322211
A24: =A23+1 -> 1 | B24: =B11/B$14 -> 0.33036887 | C24: =C11/C$14 -> 0.081235334 | D24: =D11/D$14 -> 0.35047576 | E24: =E11/E$14 -> 0.017204302 | F24: =F11/F$14 -> 0.38066657 | G24: =G11/G$14 -> 0.14144637 | H24: =H11/H$14 -> 0.25441948 | I24: =I11/I$14 -> 0.23510892 | ... AY24: =AY11/AY$14 -> 0.17972416
A25: =A24+1 -> 2 | B25: =B12/B$14 -> 0.11772859 | C25: =C12/C$14 -> 0.030669652 | D25: =D12/D$14 -> 0.00036234086 | E25: =E12/E$14 -> 0.13367533 | F25: =F12/F$14 -> 0.0045756815 | G25: =G12/G$14 -> 0.20030881 | H25: =H12/H$14 -> 0.010490836 | I25: =I12/I$14 -> 0.15956831 | ... AY25: =AY12/AY$14 -> 0.027458743
A26: =A25+1 -> 3 | B26: =B13/B$14 -> 0.14687732 | C26: =C13/C$14 -> 0.059889333 | D26: =D13/D$14 -> 0.014919146 | E26: =E13/E$14 -> 0.00019779088 | F26: =F13/F$14 -> 0.052163505 | G26: =G13/G$14 -> 0.0026197443 | H26: =H13/H$14 -> 0.0265379 | I26: =I13/I$14 -> 0.0075348804 | ... AY26: =AY13/AY$14 -> 0.079594983
A28: 0 | B28: =B16/B$20 -> 0.077584498 | C28: =C16/C$20 -> 0.68138001 | D28: =D16/D$20 -> 0.70257602 | E28: =E16/E$20 -> 0.87092708 | F28: =F16/F$20 -> 0.56148182 | G28: =G16/G$20 -> 0.6504304 | H28: =H16/H$20 -> 0.70990047 | I28: =I16/I$20 -> 0.59861957 | ... AY28: =AY16/AY$20 -> 0.71322211
A29: =A28+1 -> 1 | B29: =B17/B$20 -> 0.19955536 | C29: =C17/C$20 -> 0.015561013 | D29: =D17/D$20 -> 0.28834284 | E29: =E17/E$20 -> 0.019057893 | F29: =F17/F$20 -> 0.39053364 | G29: =G17/G$20 -> 0.14116669 | H29: =H17/H$20 -> 0.25240366 | I29: =I17/I$20 -> 0.23555644 | ... AY29: =AY17/AY$20 -> 0.17972416
A30: =A29+1 -> 2 | B30: =B18/B$20 -> 0.55932677 | C30: =C18/C$20 -> 0.018525636 | D30: =D18/D$20 -> 6.9408106e-05 | E30: =E18/E$20 -> 0.10997714 | F30: =F18/F$20 -> 0.0050686651 | G30: =G18/G$20 -> 0.20550092 | H30: =H18/H$20 -> 0.010470092 | I30: =I18/I$20 -> 0.15830401 | ... AY30: =AY18/AY$20 -> 0.027458743
A31: =A30+1 -> 3 | B31: =B19/B$20 -> 0.16353336 | C31: =C19/C$20 -> 0.28453334 | D31: =D19/D$20 -> 0.0090117319 | E31: =E19/E$20 -> 3.7887779e-05 | F31: =F19/F$20 -> 0.042915873 | G31: =G19/G$20 -> 0.0029019953 | H31: =H19/H$20 -> 0.027225776 | I31: =I19/I$20 -> 0.0075199817 | ... AY31: =AY19/AY$20 -> 0.079594983
A33: Errors
A34: 0 | B34: =ABS(B23-B28) -> 0.32744073 | C34: =ABS(C23-C28) -> 0.14682567 | D34: =ABS(D23-D28) -> 0.068333268 | E34: =ABS(E23-E28) -> 0.022004495 | F34: =ABS(F23-F28) -> 0.001112418 | G34: =ABS(G23-G28) -> 0.0051946729 | H34: =ABS(H23-H28) -> 0.0013486939 | I34: =ABS(I23-I28) -> 0.00083167784 | ... AY34: =ABS(AY23-AY28) -> 2.220446e-16
A35: =A34+1 -> 1 | B35: =ABS(B24-B29) -> 0.13081351 | C35: =ABS(C24-C29) -> 0.065674322 | D35: =ABS(D24-D29) -> 0.06213292 | E35: =ABS(E24-E29) -> 0.0018535903 | F35: =ABS(F24-F29) -> 0.0098670665 | G35: =ABS(G24-G29) -> 0.00027968201 | H35: =ABS(H24-H29) -> 0.0020158259 | I35: =ABS(I24-I29) -> 0.0004475184 | ... AY35: =ABS(AY24-AY29) -> 0
A36: =A35+1 -> 2 | B36: =ABS(B25-B30) -> 0.44159819 | C36: =ABS(C25-C30) -> 0.012144015 | D36: =ABS(D25-D30) -> 0.00029293276 | E36: =ABS(E25-E30) -> 0.023698182 | F36: =ABS(F25-F30) -> 0.00049298359 | G36: =ABS(G25-G30) -> 0.0051921039 | H36: =ABS(H25-H30) -> 2.0743537e-05 | I36: =ABS(I25-I30) -> 0.0012642975 | ... AY36: =ABS(AY25-AY30) -> 0
A37: =A36+1 -> 3 | B37: =ABS(B26-B31) -> 0.016656045 | C37: =ABS(C26-C31) -> 0.224644 | D37: =ABS(D26-D31) -> 0.0059074145 | E37: =ABS(E26-E31) -> 0.0001599031 | F37: =ABS(F26-F31) -> 0.0092476321 | G37: =ABS(G26-G31) -> 0.00028225105 | H37: =ABS(H26-H31) -> 0.00068787555 | I37: =ABS(I26-I31) -> 1.4898724e-05 | ... AY37: =ABS(AY26-AY31) -> 4.1633363e-17

Sheet Graphs
B1: Strong Ergodic Theorem of Demography
B19: Weak Ergodic Theorem of Demography

Sheet Convergent g
B1: 1 | C1: =B1+1 -> 2 | D1: =C1+1 -> 3 | E1: =D1+1 -> 4 | F1: =E1+1 -> 5 | G1: =F1+1 -> 6 | H1: =G1+1 -> 7 | I1: =H1+1 -> 8 | J1: =I1+1 -> 9 | ... EU1: =ET1+1 -> 150
A2: g | B2: =Params!$C3+1/(B1^(1/2)) -> 2.01 | C2: =Params!$C3+1/(C1^(1/2)) -> 1.7171068 | D2: =Params!$C3+1/(D1^(1/2)) -> 1.5873503 | E2: =Params!$C3+1/(E1^(1/2)) -> 1.51 | F2: =Params!$C3+1/(F1^(1/2)) -> 1.4572136 | G2: =Params!$C3+1/(G1^(1/2)) -> 1.4182483 | H2: =Params!$C3+1/(H1^(1/2)) -> 1.3879645 | I2: =Params!$C3+1/(I1^(1/2)) -> 1.3635534 | ... EU2: =Params!$C3+1/(EU1^(1/2)) -> 1.0916497
A3: p0 | B3: =Params!$C5 -> 0.95 | C3: =Params!$C5 -> 0.95 | D3: =Params!$C5 -> 0.95 | E3: =Params!$C5 -> 0.95 | F3: =Params!$C5 -> 0.95 | G3: =Params!$C5 -> 0.95 | H3: =Params!$C5 -> 0.95 | I3: =Params!$C5 -> 0.95 | ... EU3: =Params!$C5 -> 0.95
A4: p1 | B4: =Params!$C6 -> 0.75 | C4: =Params!$C6 -> 0.75 | D4: =Params!$C6 -> 0.75 | E4: =Params!$C6 -> 0.75 | F4: =Params!$C6 -> 0.75 | G4: =Params!$C6 -> 0.75 | H4: =Params!$C6 -> 0.75 | I4: =Params!$C6 -> 0.75 | ... EU4: =Params!$C6 -> 0.75
A5: p2 | B5: =Params!$C7 -> 0.5 | C5: =Params!$C7 -> 0.5 | D5: =Params!$C7 -> 0.5 | E5: =Params!$C7 -> 0.5 | F5: =Params!$C7 -> 0.5 | G5: =Params!$C7 -> 0.5 | H5: =Params!$C7 -> 0.5 | I5: =Params!$C7 -> 0.5 | ... EU5: =Params!$C7 -> 0.5
A6: p3 | B6: =Params!$C8 -> 0 | C6: =Params!$C8 -> 0 | D6: =Params!$C8 -> 0 | E6: =Params!$C8 -> 0 | F6: =Params!$C8 -> 0 | G6: =Params!$C8 -> 0 | H6: =Params!$C8 -> 0 | I6: =Params!$C8 -> 0 | ... EU6: =Params!$C8 -> 0
A8: 0 | B8: =RAND()*1000 -> 188.50548 | C8: =SUM(B8:B11)*C$2-SUM(C9:C11) -> 1583.0868 | D8: =SUM(C8:C11)*D$2-SUM(D9:D11) -> 1931.5724 | E8: =SUM(D8:D11)*E$2-SUM(E9:E11) -> 2479.2548 | F8: =SUM(E8:E11)*F$2-SUM(F9:F11) -> 3732.792 | G8: =SUM(F8:F11)*G$2-SUM(G9:G11) -> 5385.3844 | H8: =SUM(G8:G11)*H$2-SUM(H9:H11) -> 7144.5779 | I8: =SUM(H8:H11)*I$2-SUM(I9:I11) -> 9594.7306 | J8: =SUM(I8:I11)*J$2-SUM(J9:J11) -> 12823.405 | ... EU8: =SUM(ET8:ET11)*EU$2-SUM(EU9:EU11) -> 1.008211e+12
A9: =A8+1 -> 1 | B9: =RAND()*1000 -> 210.03499 | C9: =B8*C3 -> 179.08021 | D9: =C8*D3 -> 1503.9325 | E9: =D8*E3 -> 1834.9938 | F9: =E8*F3 -> 2355.2921 | G9: =F8*G3 -> 3546.1524 | H9: =G8*H3 -> 5116.1152 | I9: =H8*I3 -> 6787.349 | J9: =I8*J3 -> 9114.9941 | ... EU9: =ET8*EU3 -> 8.7761842e+11
A10: =A9+1 -> 2 | B10: =RAND()*1000 -> 757.68096 | C10: =B9*C4 -> 157.52624 | D10: =C9*D4 -> 134.31015 | E10: =D9*E4 -> 1127.9494 | F10: =E9*F4 -> 1376.2453 | G10: =F9*G4 -> 1766.469 | H10: =G9*H4 -> 2659.6143 | I10: =H9*I4 -> 3837.0864 | J10: =I9*J4 -> 5090.5117 | ... EU10: =ET9*EU4 -> 6.0296204e+11
A11: =A10+1 -> 3 | B11: =RAND()*1000 -> 182.38707 | C11: =B10*C5 -> 378.84048 | D11: =C10*D5 -> 78.763122 | E11: =D10*E5 -> 67.155077 | F11: =E10*F5 -> 563.97468 | G11: =F10*G5 -> 688.12267 | H11: =G10*H5 -> 883.23452 | I11: =H10*I5 -> 1329.8072 | J11: =I10*J5 -> 1918.5432 | ... EU11: =ET10*EU5 -> 2.7610494e+11
A12: Total | B12: =SUM(B8:B11) -> 1338.6085 | C12: =SUM(C8:C11) -> 2298.5337 | D12: =SUM(D8:D11) -> 3648.5781 | E12: =SUM(E8:E11) -> 5509.353 | F12: =SUM(F8:F11) -> 8028.3041 | G12: =SUM(G8:G11) -> 11386.129 | H12: =SUM(H8:H11) -> 15803.542 | I12: =SUM(I8:I11) -> 21548.973 | ... EU12: =SUM(EU8:EU11) -> 2.7648964e+12
A14: 0 | B14: =RAND()*1000 -> 310.47361 | C14: =SUM(B14:B17)*C$2-SUM(C15:C17) -> 2573.925 | D14: =SUM(C14:C17)*D$2-SUM(D15:D17) -> 3204.9637 | E14: =SUM(D14:D17)*E$2-SUM(E15:E17) -> 4363.366 | F14: =SUM(E14:E17)*F$2-SUM(F15:F17) -> 6283.0543 | G14: =SUM(F14:F17)*G$2-SUM(G15:G17) -> 9109.3824 | H14: =SUM(G14:G17)*H$2-SUM(H15:H17) -> 12142.858 | I14: =SUM(H14:H17)*I$2-SUM(I15:I17) -> 16316.781 | J14: =SUM(I14:I17)*J$2-SUM(J15:J17) -> 21742.893 | ... EU14: =SUM(ET14:ET17)*EU$2-SUM(EU15:EU17) -> 1.7115265e+12
A15: =A14+1 -> 1 | B15: =RAND()*1000 -> 859.66956 | C15: =B14*C3 -> 294.94993 | D15: =C14*D3 -> 2445.2288 | E15: =D14*E3 -> 3044.7155 | F15: =E14*F3 -> 4145.1977 | G15: =F14*G3 -> 5968.9016 | H15: =G14*H3 -> 8653.9133 | I15: =H14*I3 -> 11535.715 | J15: =I14*J3 -> 15500.942 | ... EU15: =ET14*EU3 -> 1.4898341e+12
A16: =A15+1 -> 2 | B16: =RAND()*1000 -> 776.67043 | C16: =B15*C4 -> 644.75217 | D16: =C15*D4 -> 221.21245 | E16: =D15*E4 -> 1833.9216 | F16: =E15*F4 -> 2283.5366 | G16: =F15*G4 -> 3108.8983 | H16: =G15*H4 -> 4476.6762 | I16: =H15*I4 -> 6490.435 | J16: =I15*J4 -> 8651.7864 | ... EU16: =ET15*EU4 -> 1.0235809e+12
A17: =A16+1 -> 3 | B17: =RAND()*1000 -> 325.59158 | C17: =B16*C5 -> 388.33522 | D17: =C16*D5 -> 322.37608 | E17: =D16*E5 -> 110.60622 | F17: =E16*F5 -> 916.9608 | G17: =F16*G5 -> 1141.7683 | H17: =G16*H5 -> 1554.4491 | I17: =H16*I5 -> 2238.3381 | J17: =I16*J5 -> 3245.2175 | ... EU17: =ET16*EU5 -> 4.6871233e+11
A18: Total | B18: =SUM(B14:B17) -> 2272.4052 | C18: =SUM(C14:C17) -> 3901.9624 | D18: =SUM(D14:D17) -> 6193.781 | E18: =SUM(E14:E17) -> 9352.6093 | F18: =SUM(F14:F17) -> 13628.749 | G18: =SUM(G14:G17) -> 19328.951 | H18: =SUM(H14:H17) -> 26827.897 | I18: =SUM(I14:I17) -> 36581.27 | ... EU18: =SUM(EU14:EU17) -> 4.6936538e+12
A20: Shares
A21: 0 | B21: =B8/B$12 -> 0.14082196 | C21: =C8/C$12 -> 0.68873769 | D21: =D8/D$12 -> 0.52940415 | E21: =E8/E$12 -> 0.45000834 | F21: =F8/F$12 -> 0.46495399 | G21: =G8/G$12 -> 0.47297766 | H21: =H8/H$12 -> 0.45208713 | I21: =I8/I$12 -> 0.44525234 | ... EU21: =EU8/EU$12 -> 0.36464694
A22: =A21+1 -> 1 | B22: =B9/B$12 -> 0.15690547 | C22: =C9/C$12 -> 0.077910627 | D22: =D9/D$12 -> 0.41219686 | E22: =E9/E$12 -> 0.33306883 | F22: =F9/F$12 -> 0.29337355 | G22: =G9/G$12 -> 0.31144497 | H22: =H9/H$12 -> 0.32373219 | I22: =I9/I$12 -> 0.3149732 | ... EU22: =EU9/EU$12 -> 0.31741458
A23: =A22+1 -> 2 | B23: =B10/B$12 -> 0.56602133 | C23: =C10/C$12 -> 0.068533362 | D23: =D10/D$12 -> 0.036811642 | E23: =E10/E$12 -> 0.20473354 | F23: =F10/F$12 -> 0.17142417 | G23: =G10/G$12 -> 0.1551422 | H23: =H10/H$12 -> 0.16829229 | I23: =I10/I$12 -> 0.17806354 | ... EU23: =EU10/EU$12 -> 0.21807762
A24: =A23+1 -> 3 | B24: =B11/B$12 -> 0.13625124 | C24: =C11/C$12 -> 0.16481832 | D24: =D11/D$12 -> 0.021587347 | E24: =E11/E$12 -> 0.012189286 | F24: =F11/F$12 -> 0.070248295 | G24: =G11/G$12 -> 0.060435175 | H24: =H11/H$12 -> 0.05588839 | I24: =I11/I$12 -> 0.061710929 | ... EU24: =EU11/EU$12 -> 0.099860864
A26: 0 | B26: =B14/B$18 -> 0.13662775 | C26: =C14/C$18 -> 0.65964887 | D26: =D14/D$18 -> 0.51744866 | E26: =E14/E$18 -> 0.46653996 | F26: =F14/F$18 -> 0.46101474 | G26: =G14/G$18 -> 0.47128179 | H26: =H14/H$18 -> 0.45262058 | I26: =I14/I$18 -> 0.44604196 | ... EU26: =EU14/EU$18 -> 0.36464694
A27: =A26+1 -> 1 | B27: =B15/B$18 -> 0.37830822 | C27: =C15/C$18 -> 0.075590153 | D27: =D15/D$18 -> 0.39478774 | E27: =E15/E$18 -> 0.32554717 | F27: =F15/F$18 -> 0.30415099 | G27: =G15/G$18 -> 0.30880629 | H27: =H15/H$18 -> 0.32257144 | I27: =I15/I$18 -> 0.31534486 | ... EU27: =EU15/EU$18 -> 0.31741458
A28: =A27+1 -> 2 | B28: =B16/B$18 -> 0.34178343 | C28: =C16/C$18 -> 0.16523793 | D28: =D16/D$18 -> 0.035715252 | E28: =E16/E$18 -> 0.19608662 | F28: =F16/F$18 -> 0.16755291 | G28: =G16/G$18 -> 0.16084154 | H28: =H16/H$18 -> 0.16686646 | I28: =I16/I$18 -> 0.17742509 | ... EU28: =EU16/EU$18 -> 0.21807762
A29: =A28+1 -> 3 | B29: =B17/B$18 -> 0.1432806 | C29: =C17/C$18 -> 0.099523055 | D29: =D17/D$18 -> 0.052048351 | E29: =E17/E$18 -> 0.011826242 | F29: =F17/F$18 -> 0.06728136 | G29: =G17/G$18 -> 0.059070372 | H29: =H17/H$18 -> 0.057941521 | I29: =I17/I$18 -> 0.061188092 | ... EU29: =EU17/EU$18 -> 0.099860864
A31: Errors
A32: 0 | B32: =ABS(B21-B26) -> 0.0041942128 | C32: =ABS(C21-C26) -> 0.029088821 | D32: =ABS(D21-D26) -> 0.011955488 | E32: =ABS(E21-E26) -> 0.016531624 | F32: =ABS(F21-F26) -> 0.0039392553 | G32: =ABS(G21-G26) -> 0.0016958699 | H32: =ABS(H21-H26) -> 0.00053344911 | I32: =ABS(I21-I26) -> 0.0007896281 | ... EP32: =ABS(EP21-EP26) -> 1.110223e-16
A33: =A32+1 -> 1 | B33: =ABS(B22-B27) -> 0.22140275 | C33: =ABS(C22-C27) -> 0.0023204743 | D33: =ABS(D22-D27) -> 0.017409126 | E33: =ABS(E22-E27) -> 0.0075216644 | F33: =ABS(F22-F27) -> 0.010777447 | G33: =ABS(G22-G27) -> 0.0026386724 | H33: =ABS(H22-H27) -> 0.0011607476 | I33: =ABS(I22-I27) -> 0.00037165883 | ... EP33: =ABS(EP22-EP27) -> 5.5511151e-17
A34: =A33+1 -> 2 | B34: =ABS(B23-B28) -> 0.2242379 | C34: =ABS(C23-C28) -> 0.096704564 | D34: =ABS(D23-D28) -> 0.0010963905 | E34: =ABS(E23-E28) -> 0.0086469167 | F34: =ABS(F23-F28) -> 0.003871257 | G34: =ABS(G23-G28) -> 0.0056993445 | H34: =ABS(H23-H28) -> 0.0014258321 | I34: =ABS(I23-I28) -> 0.00063845002 | ... EP34: =ABS(EP23-EP28) -> 5.5511151e-17
A35: =A34+1 -> 3 | B35: =ABS(B24-B29) -> 0.0070293599 | C35: =ABS(C24-C29) -> 0.065295269 | D35: =ABS(D24-D29) -> 0.030461004 | E35: =ABS(E24-E29) -> 0.0003630432 | F35: =ABS(F24-F29) -> 0.0029669352 | G35: =ABS(G24-G29) -> 0.0013648023 | H35: =ABS(H24-H29) -> 0.0020531305 | I35: =ABS(I24-I29) -> 0.00052283691 | ... EP35: =ABS(EP24-EP29) -> 1.3877788e-17
